Date,Moon Phase (%)
2019-01-01,23.615800857543945
2019-01-02,15.465994834899902
2019-01-03,8.888046264648438
2019-01-04,4.060190200805664
2019-01-05,1.0892150402069092
2019-01-06,0.012886077165603638
2019-01-07,0.8044912219047546
2019-01-08,3.380976915359497
2019-01-09,7.61428689956665
2019-01-10,13.343828201293945
2019-01-11,20.387083053588867
2019-01-12,28.545379638671875
2019-01-13,37.60249710083008
2019-01-14,47.31493377685547
2019-01-15,57.394222259521484
2019-01-16,67.48407745361328
2019-01-17,77.13920593261719
2019-01-18,85.81790161132812
2019-01-19,92.90502166748047
2019-01-20,97.7797622680664
2019-01-21,99.92676544189453
2019-01-22,99.06058502197266
2019-01-23,95.21068572998047
2019-01-24,88.72268676757812
2019-01-25,80.17413330078125
2019-01-26,70.24781799316406
2019-01-27,59.616641998291016
2019-01-28,48.872310638427734
2019-01-29,38.49994659423828
2019-01-30,28.88351821899414
2019-01-31,20.324323654174805
2019-02-01,13.060020446777344
2019-02-02,7.2779316902160645
2019-02-03,3.121314525604248
2019-02-04,0.690138041973114
2019-02-05,0.03915391117334366
2019-02-06,1.1761358976364136
2019-02-07,4.062262535095215
2019-02-08,8.615094184875488
2019-02-09,14.71298885345459
2019-02-10,22.198562622070312
2019-02-11,30.878246307373047
2019-02-12,40.515357971191406
2019-02-13,50.81550979614258
2019-02-14,61.40598678588867
2019-02-15,71.81525421142578
2019-02-16,81.46527862548828
2019-02-17,89.69448852539062
2019-02-18,95.82750701904297
2019-02-19,99.29060363769531
2019-02-20,99.7418441772461
2019-02-21,97.16004943847656
2019-02-22,91.8468017578125
2019-02-23,84.3407211303711
2019-02-24,75.28900909423828
2019-02-25,65.33169555664062
2019-02-26,55.03074264526367
2019-02-27,44.845848083496094
2019-02-28,35.14179229736328
2019-03-01,26.209781646728516
2019-03-02,18.290119171142578
2019-03-03,11.589325904846191
2019-03-04,6.289299011230469
2019-03-05,2.5486323833465576
2019-03-06,0.49784448742866516
2019-03-07,0.2311440110206604
2019-03-08,1.7975788116455078
2019-03-09,5.193889617919922
2019-03-10,10.3601713180542
2019-03-11,17.177757263183594
2019-03-12,25.467208862304688
2019-03-13,34.98367691040039
2019-03-14,45.40769577026367
2019-03-15,56.33205795288086
2019-03-16,67.25010681152344
2019-03-17,77.55687713623047
2019-03-18,86.57835388183594
2019-03-19,93.64080810546875
2019-03-20,98.17615509033203
2019-03-21,99.8343505859375
2019-03-22,98.55685424804688
2019-03-23,94.57592010498047
2019-03-24,88.34159088134766
2019-03-25,80.41278839111328
2019-03-26,71.35710144042969
2019-03-27,61.68614959716797
2019-03-28,51.83018493652344
2019-03-29,42.14122009277344
2019-03-30,32.91092300415039
2019-03-31,24.39220428466797
2019-04-01,16.817636489868164
2019-04-02,10.411101341247559
2019-04-03,5.391005992889404
2019-04-04,1.9649341106414795
2019-04-05,0.316893070936203
2019-04-06,0.5896453857421875
2019-04-07,2.8656280040740967
2019-04-08,7.150201797485352
2019-04-09,13.359907150268555
2019-04-10,21.316354751586914
2019-04-11,30.744409561157227
2019-04-12,41.27252197265625
2019-04-13,52.43452072143555
2019-04-14,63.67573928833008
2019-04-15,74.37079620361328
2019-04-16,83.86210632324219
2019-04-17,91.52404022216797
2019-04-18,96.84565734863281
2019-04-19,99.51006317138672
2019-04-20,99.44107818603516
2019-04-21,96.79778289794922
2019-04-22,91.9202651977539
2019-04-23,85.25021362304688
2019-04-24,77.25519561767578
2019-04-25,68.37554168701172
2019-04-26,58.999141693115234
2019-04-27,49.45905685424805
2019-04-28,40.04542541503906
2019-04-29,31.02358055114746
2019-04-30,22.652292251586914
2019-05-01,15.19761848449707
2019-05-02,8.939008712768555
2019-05-03,4.165012359619141
2019-05-04,1.157167911529541
2019-05-05,0.16283276677131653
2019-05-06,1.360876202583313
2019-05-07,4.827233791351318
2019-05-08,10.508533477783203
2019-05-09,18.21012306213379
2019-05-10,27.60037612915039
2019-05-11,38.22844314575195
2019-05-12,49.55051803588867
2019-05-13,60.96098709106445
2019-05-14,71.828369140625
2019-05-15,81.5379867553711
2019-05-16,89.5420150756836
2019-05-17,95.41181945800781
2019-05-18,98.88145446777344
2019-05-19,99.86909484863281
2019-05-20,98.4684066772461
2019-05-21,94.91256713867188
2019-05-22,89.52308654785156
2019-05-23,82.65866088867188
2019-05-24,74.67596435546875
2019-05-25,65.90729522705078
2019-05-26,56.65475082397461
2019-05-27,47.196922302246094
2019-05-28,37.80336380004883
2019-05-29,28.752246856689453
2019-05-30,20.346616744995117
2019-05-31,12.9243803024292
2019-06-01,6.856600761413574
2019-06-02,2.52897310256958
2019-06-03,0.3039659559726715
2019-06-04,0.4670201539993286
2019-06-05,3.1681158542633057
2019-06-06,8.375924110412598
2019-06-07,15.860564231872559
2019-06-08,25.211313247680664
2019-06-09,35.882469177246094
2019-06-10,47.2520866394043
2019-06-11,58.67866516113281
2019-06-12,69.54776763916016
2019-06-13,79.30790710449219
2019-06-14,87.4985580444336
2019-06-15,93.77220916748047
2019-06-16,97.90934753417969
2019-06-17,99.82305145263672
2019-06-18,99.55046844482422
2019-06-19,97.23163604736328
2019-06-20,93.08002471923828
2019-06-21,87.35133361816406
2019-06-22,80.31698608398438
2019-06-23,72.2467041015625
2019-06-24,63.401763916015625
2019-06-25,54.038475036621094
2019-06-26,44.420101165771484
2019-06-27,34.834259033203125
2019-06-28,25.6119384765625
2019-06-29,17.142189025878906
2019-06-30,9.874308586120605
2019-07-01,4.297830581665039
2019-07-02,0.8931266069412231
2019-07-03,0.05458531528711319
2019-07-04,2.0035107135772705
2019-07-05,6.720941543579102
2019-07-06,13.929450035095215
2019-07-07,23.13338279724121
2019-07-08,33.700504302978516
2019-07-09,44.953216552734375
2019-07-10,56.24224090576172
2019-07-11,66.9917984008789
2019-07-12,76.71988677978516
2019-07-13,85.04344177246094
2019-07-14,91.67716217041016
2019-07-15,96.43082427978516
2019-07-16,99.20545959472656
2019-07-17,99.98702239990234
2019-07-18,98.8360366821289
2019-07-19,95.8731918334961
2019-07-20,91.2626724243164
2019-07-21,85.1961441040039
2019-07-22,77.8806381225586
2019-07-23,69.53273010253906
2019-07-24,60.380638122558594
2019-07-25,50.67451858520508
2019-07-26,40.70392608642578
2019-07-27,30.81930923461914
2019-07-28,21.45114517211914
2019-07-29,13.116090774536133
2019-07-30,6.395881175994873
2019-07-31,1.8766382932662964
2019-08-01,0.049248192459344864
2019-08-02,1.1950374841690063
2019-08-03,5.301620006561279
2019-08-04,12.050275802612305
2019-08-05,20.882837295532227
2019-08-06,31.115880966186523
2019-08-07,42.05384826660156
2019-08-08,53.06721878051758
2019-08-09,63.62815856933594
2019-08-10,73.31459045410156
2019-08-11,81.79852294921875
2019-08-12,88.8311538696289
2019-08-13,94.23111724853516
2019-08-14,97.87747192382812
2019-08-15,99.70584106445312
2019-08-16,99.70552825927734
2019-08-17,97.91539001464844
2019-08-18,94.41781616210938
2019-08-19,89.33135223388672
2019-08-20,82.80397033691406
2019-08-21,75.00934600830078
2019-08-22,66.14869689941406
2019-08-23,56.45989990234375
2019-08-24,46.23434066772461
2019-08-25,35.839111328125
2019-08-26,25.73820686340332
2019-08-27,16.500150680541992
2019-08-28,8.774625778198242
2019-08-29,3.2225916385650635
2019-08-30,0.40083396434783936
2019-08-31,0.6317029595375061
2019-09-01,3.913187026977539
2019-09-02,9.91584300994873
2019-09-03,18.068660736083984
2019-09-04,27.68964385986328
2019-09-05,38.104835510253906
2019-09-06,48.72230529785156
2019-09-07,59.05856704711914
2019-09-08,68.73282623291016
2019-09-09,77.44703674316406
2019-09-10,84.96479034423828
2019-09-11,91.09555053710938
2019-09-12,95.68624114990234
2019-09-13,98.61914825439453
2019-09-14,99.81388092041016
2019-09-15,99.23079681396484
2019-09-16,96.87370300292969
2019-09-17,92.79084014892578
2019-09-18,87.07434844970703
2019-09-19,79.85997772216797
2019-09-20,71.32954406738281
2019-09-21,61.71855163574219
2019-09-22,51.33036422729492
2019-09-23,40.55534362792969
2019-09-24,29.88861846923828
2019-09-25,19.933635711669922
2019-09-26,11.373908042907715
2019-09-27,4.898545742034912
2019-09-28,1.085106611251831
2019-09-29,0.2731502652168274
2019-09-30,2.482726573944092
2019-10-01,7.4189300537109375
2019-10-02,14.559028625488281
2019-10-03,23.27731704711914
2019-10-04,32.95555114746094
2019-10-05,43.049964904785156
2019-10-06,53.11396789550781
2019-10-07,62.790855407714844
2019-10-08,71.79291534423828
2019-10-09,79.87886047363281
2019-10-10,86.83633422851562
2019-10-11,92.47196960449219
2019-10-12,96.60942077636719
2019-10-13,99.09416961669922
2019-10-14,99.80302429199219
2019-10-15,98.65557098388672
2019-10-16,95.62503814697266
2019-10-17,90.7466812133789
2019-10-18,84.12344360351562
2019-10-19,75.93010711669922
2019-10-20,66.418212890625
2019-10-21,55.92363739013672
2019-10-22,44.876033782958984
2019-10-23,33.80508804321289
2019-10-24,23.332962036132812
2019-10-25,14.139240264892578
2019-10-26,6.889346599578857
2019-10-27,2.1330716609954834
2019-10-28,0.20215806365013123
2019-10-29,1.1482999324798584
2019-10-30,4.750070095062256
2019-10-31,10.583942413330078
2019-11-01,18.125314712524414
2019-11-02,26.84025001525879
2019-11-03,36.244651794433594
2019-11-04,45.9278450012207
2019-11-05,55.54978942871094
2019-11-06,64.82424926757812
2019-11-07,73.49788665771484
2019-11-08,81.33168029785156
2019-11-09,88.08863830566406
2019-11-10,93.52976989746094
2019-11-11,97.41944122314453
2019-11-12,99.5396957397461
2019-11-13,99.7114486694336
2019-11-14,97.81884002685547
2019-11-15,93.83180236816406
2019-11-16,87.82234954833984
2019-11-17,79.97230529785156
2019-11-18,70.572998046875
2019-11-19,60.019378662109375
2019-11-20,48.800411224365234
2019-11-21,37.48500061035156
2019-11-22,26.698453903198242
2019-11-23,17.08277702331543
2019-11-24,9.237553596496582
2019-11-25,3.647690773010254
2019-11-26,0.6163020133972168
2019-11-27,0.22621458768844604
2019-11-28,2.345644235610962
2019-11-29,6.675360202789307
2019-11-30,12.818096160888672
2019-12-01,20.346216201782227
2019-12-02,28.85072898864746
2019-12-03,37.96611022949219
2019-12-04,47.374080657958984
2019-12-05,56.793331146240234
2019-12-06,65.96208953857422
2019-12-07,74.6193618774414
2019-12-08,82.4892578125
2019-12-09,89.27263641357422
2019-12-10,94.64974975585938
2019-12-11,98.29702758789062
2019-12-12,99.91841125488281
2019-12-13,99.28764343261719
2019-12-14,96.29254150390625
2019-12-15,90.96942901611328
2019-12-16,83.51737213134766
2019-12-17,74.28864288330078
2019-12-18,63.759918212890625
2019-12-19,52.49335479736328
2019-12-20,41.096073150634766
2019-12-21,30.18167495727539
2019-12-22,20.33283233642578
2019-12-23,12.062814712524414
2019-12-24,5.776899337768555
2019-12-25,1.7397034168243408
2019-12-26,0.05734831094741821
2019-12-27,0.6813293695449829
2019-12-28,3.434256076812744
2019-12-29,8.050115585327148
2019-12-30,14.217684745788574
2019-12-31,21.616762161254883
2020-01-01,29.941204071044922
2020-01-02,38.90750503540039
2020-01-03,48.250919342041016
2020-01-04,57.71255111694336
2020-01-05,67.0213623046875
2020-01-06,75.87528991699219
2020-01-07,83.92684936523438
2020-01-08,90.77970886230469
2020-01-09,96.0039291381836
2020-01-10,99.17545318603516
2020-01-11,99.93865203857422
2020-01-12,98.07950592041016
2020-01-13,93.58634185791016
2020-01-14,86.67437744140625
2020-01-15,77.76315307617188
2020-01-16,67.41627502441406
2020-01-17,56.266605377197266
2020-01-18,44.94948196411133
2020-01-19,34.055747985839844
2020-01-20,24.103992462158203
2020-01-21,15.525331497192383
2020-01-22,8.653892517089844
2020-01-23,3.7199745178222656
2020-01-24,0.846706211566925
2020-01-25,0.05300718545913696
2020-01-26,1.2648370265960693
2020-01-27,4.3341498374938965
2020-01-28,9.062213897705078
2020-01-29,15.222474098205566
2020-01-30,22.578407287597656
2020-01-31,30.89333152770996
2020-02-01,39.93085479736328
2020-02-02,49.446250915527344
2020-02-03,59.170257568359375
2020-02-04,68.78833770751953
2020-02-05,77.92059326171875
2020-02-06,86.11096954345703
2020-02-07,92.83763885498047
2020-02-08,97.55661010742188
2020-02-09,99.78231048583984
2020-02-10,99.19059753417969
2020-02-11,95.7091064453125
2020-02-12,89.55404663085938
2020-02-13,81.19398498535156
2020-02-14,71.25740051269531
2020-02-15,60.42475509643555
2020-02-16,49.34238815307617
2020-02-17,38.57392883300781
2020-02-18,28.584657669067383
2020-02-19,19.745206832885742
2020-02-20,12.341741561889648
2020-02-21,6.58491849899292
2020-02-22,2.6152985095977783
2020-02-23,0.5063509345054626
2020-02-24,0.26764440536499023
2020-02-25,1.8504488468170166
2020-02-26,5.156522274017334
2020-02-27,10.049057006835938
2020-02-28,16.36344337463379
2020-02-29,23.914976119995117
2020-03-01,32.50080871582031
2020-03-02,41.894309997558594
2020-03-03,51.83126449584961
2020-03-04,61.989261627197266
2020-03-05,71.96480560302734
2020-03-06,81.25770568847656
2020-03-07,89.27764892578125
2020-03-08,95.38970947265625
2020-03-09,99.00687408447266
2020-03-10,99.71414184570312
2020-03-11,97.37969207763672
2020-03-12,92.19973754882812
2020-03-13,84.65223693847656
2020-03-14,75.38359832763672
2020-03-15,65.0819091796875
2020-03-16,54.38240432739258
2020-03-17,43.8209228515625
2020-03-18,33.82661819458008
2020-03-19,24.73613739013672
2020-03-20,16.813833236694336
2020-03-21,10.26874828338623
2020-03-22,5.264888286590576
2020-03-23,1.9249746799468994
2020-03-24,0.3298322558403015
2020-03-25,0.516193151473999
2020-03-26,2.4753477573394775
2020-03-27,6.153940200805664
2020-03-28,11.456707000732422
2020-03-29,18.249500274658203
2020-03-30,26.36001968383789
2020-03-31,35.57352066040039
2020-04-01,45.62163162231445
2020-04-02,56.16433334350586
2020-04-03,66.76913452148438
2020-04-04,76.89717102050781
2020-04-05,85.91200256347656
2020-04-06,93.12882995605469
2020-04-07,97.91207885742188
2020-04-08,99.80368041992188
2020-04-09,98.63487243652344
2020-04-10,94.56781768798828
2020-04-11,88.04524993896484
2020-04-12,79.67549896240234
2020-04-13,70.10757446289062
2020-04-14,59.93991470336914
2020-04-15,49.67687225341797
2020-04-16,39.72372817993164
2020-04-17,30.402984619140625
2020-04-18,21.977083206176758
2020-04-19,14.668277740478516
2020-04-20,8.671562194824219
2020-04-21,4.15963888168335
2020-04-22,1.2808760404586792
2020-04-23,0.15239477157592773
2020-04-24,0.8509401679039001
2020-04-25,3.404107093811035
2020-04-26,7.783694744110107
2020-04-27,13.901521682739258
2020-04-28,21.60641098022461
2020-04-29,30.680021286010742
2020-04-30,40.82926559448242
2020-05-01,51.6748161315918
2020-05-02,62.739158630371094
2020-05-03,73.44308471679688
2020-05-04,83.12469482421875
2020-05-05,91.09455871582031
2020-05-06,96.72967529296875
2020-05-07,99.58654022216797
2020-05-08,99.491943359375
2020-05-09,96.5704574584961
2020-05-10,91.19611358642578
2020-05-11,83.89350891113281
2020-05-12,75.23200988769531
2020-05-13,65.7472915649414
2020-05-14,55.901885986328125
2020-05-15,46.07851028442383
2020-05-16,36.593040466308594
2020-05-17,27.715030670166016
2020-05-18,19.687570571899414
2020-05-19,12.741682052612305
2020-05-20,7.10288143157959
2020-05-21,2.9891088008880615
2020-05-22,0.6005918979644775
2020-05-23,0.10346024483442307
2020-05-24,1.610206961631775
2020-05-25,5.160815715789795
2020-05-26,10.707884788513184
2020-05-27,18.107437133789062
2020-05-28,27.11503028869629
2020-05-29,37.38540267944336
2020-05-30,48.474308013916016
2020-05-31,59.84408950805664
2020-06-01,70.87869262695312
2020-06-02,80.91661834716797
2020-06-03,89.30830383300781
2020-06-04,95.4947738647461
2020-06-05,99.090087890625
2020-06-06,99.93959045410156
2020-06-07,98.13057708740234
2020-06-08,93.95161437988281
2020-06-09,87.81868743896484
2020-06-10,80.19660949707031
2020-06-11,71.5382308959961
2020-06-12,62.250614166259766
2020-06-13,52.68600082397461
2020-06-14,43.14969253540039
2020-06-15,33.91661834716797
2020-06-16,25.24983787536621
2020-06-17,17.416091918945312
2020-06-18,10.694626808166504
2020-06-19,5.376387596130371
2020-06-20,1.751574993133545
2020-06-21,0.08541733771562576
2020-06-22,0.5850256085395813
2020-06-23,3.363492012023926
2020-06-24,8.409476280212402
2020-06-25,15.5697660446167
2020-06-26,24.548473358154297
2020-06-27,34.9215202331543
2020-06-28,46.16169738769531
2020-06-29,57.66989517211914
2020-06-30,68.81098175048828
2020-07-01,78.95560455322266
2020-07-02,87.52906036376953
2020-07-03,94.06381225585938
2020-07-04,98.24615478515625
2020-07-05,99.94395446777344
2020-07-06,99.20580291748047
2020-07-07,96.23138427734375
2020-07-08,91.32308197021484
2020-07-09,84.8337173461914
2020-07-10,77.12348175048828
2020-07-11,68.532958984375
2020-07-12,59.37303924560547
2020-07-13,49.92848205566406
2020-07-14,40.47067642211914
2020-07-15,31.274770736694336
2020-07-16,22.63677215576172
2020-07-17,14.885818481445312
2020-07-18,8.386281967163086
2020-07-19,3.524291515350342
2020-07-20,0.6750516295433044
2020-07-21,0.15237973630428314
2020-07-22,2.1495823860168457
2020-07-23,6.687915325164795
2020-07-24,13.590093612670898
2020-07-25,22.488718032836914
2020-07-26,32.86630630493164
2020-07-27,44.11294937133789
2020-07-28,55.585445404052734
2020-07-29,66.657470703125
2020-07-30,76.75830078125
2020-07-31,85.40241241455078
2020-08-01,92.21263122558594
2020-08-02,96.93668365478516
2020-08-03,99.45436096191406
2020-08-04,99.77227020263672
2020-08-05,98.00570678710938
2020-08-06,94.35087585449219
2020-08-07,89.05374908447266
2020-08-08,82.38198852539062
2020-08-09,74.60496520996094
2020-08-10,65.98418426513672
2020-08-11,56.77417755126953
2020-08-12,47.2322883605957
2020-08-13,37.6350212097168
2020-08-14,28.297195434570312
2020-08-15,19.588781356811523
2020-08-16,11.941812515258789
2020-08-17,5.837803840637207
2020-08-18,1.7669787406921387
2020-08-19,0.1578146070241928
2020-08-20,1.289538860321045
2020-08-21,5.215393543243408
2020-08-22,11.728494644165039
2020-08-23,20.386926651000977
2020-08-24,30.587730407714844
2020-08-25,41.65949630737305
2020-08-26,52.943031311035156
2020-08-27,63.84419631958008
2020-08-28,73.85942077636719
2020-08-29,82.58308410644531
2020-08-30,89.7066650390625
2020-08-31,95.01575469970703
2020-09-01,98.38651275634766
2020-09-02,99.7803955078125
2020-09-03,99.23541259765625
2020-09-04,96.85330963134766
2020-09-05,92.78365325927734
2020-09-06,87.20765686035156
2020-09-07,80.32466888427734
2020-09-08,72.34432220458984
2020-09-09,63.486045837402344
2020-09-10,53.98685073852539
2020-09-11,44.11684799194336
2020-09-12,34.20025634765625
2020-09-13,24.636743545532227
2020-09-14,15.913877487182617
2020-09-15,8.596963882446289
2020-09-16,3.2819671630859375
2020-09-17,0.5062118172645569
2020-09-18,0.633017897605896
2020-09-19,3.751160144805908
2020-09-20,9.636302947998047
2020-09-21,17.795665740966797
2020-09-22,27.574207305908203
2020-09-23,38.274070739746094
2020-09-24,49.245704650878906
2020-09-25,59.9353141784668
2020-09-26,69.89579772949219
2020-09-27,78.77711486816406
2020-09-28,86.310546875
2020-09-29,92.29515075683594
2020-09-30,96.58934020996094
2020-10-01,99.10675811767578
2020-10-02,99.81398010253906
2020-10-03,98.7278060913086
2020-10-04,95.91061401367188
2020-10-05,91.46373748779297
2020-10-06,85.52042388916016
2020-10-07,78.24070739746094
2020-10-08,69.81071472167969
2020-10-09,60.448795318603516
2020-10-10,50.419551849365234
2020-10-11,40.05476760864258
2020-10-12,29.776763916015625
2020-10-13,20.1138973236084
2020-10-14,11.691920280456543
2020-10-15,5.183000564575195
2020-10-16,1.204516887664795
2020-10-17,0.1866217404603958
2020-10-18,2.2583584785461426
2020-10-19,7.208499431610107
2020-10-20,14.542838096618652
2020-10-21,23.607147216796875
2020-10-22,33.71738052368164
2020-10-23,44.25202560424805
2020-10-24,54.69392395019531
2020-10-25,64.63285064697266
2020-10-26,73.74775695800781
2020-10-27,81.78411865234375
2020-10-28,88.53534698486328
2020-10-29,93.83161163330078
2020-10-30,97.53590393066406
2020-10-31,99.54544830322266
2020-11-01,99.7958984375
2020-11-02,98.26556396484375
2020-11-03,94.97795104980469
2020-11-04,90.00223541259766
2020-11-05,83.45263671875
2020-11-06,75.48900604248047
2020-11-07,66.32148742675781
2020-11-08,56.22136306762695
2020-11-09,45.538211822509766
2020-11-10,34.71955490112305
2020-11-11,24.322961807250977
2020-11-12,15.00442886352539
2020-11-13,7.465308666229248
2020-11-14,2.351156234741211
2020-11-15,0.12248018383979797
2020-11-16,0.9461284875869751
2020-11-17,4.659769058227539
2020-11-18,10.827569007873535
2020-11-19,18.85647201538086
2020-11-20,28.118568420410156
2020-11-21,38.03821563720703
2020-11-22,48.131996154785156
2020-11-23,58.01142501831055
2020-11-24,67.36541748046875
2020-11-25,75.93678283691406
2020-11-26,83.50155639648438
2020-11-27,89.85527038574219
2020-11-28,94.80765533447266
2020-11-29,98.1850814819336
2020-11-30,99.83921813964844
2020-12-01,99.65922546386719
2020-12-02,97.58457946777344
2020-12-03,93.61590576171875
2020-12-04,87.8223876953125
2020-12-05,80.34613800048828
2020-12-06,71.4056396484375
2020-12-07,61.30061340332031
2020-12-08,50.41952133178711
2020-12-09,39.24712371826172
2020-12-10,28.36433982849121
2020-12-11,18.427879333496094
2020-12-12,10.117240905761719
2020-12-13,4.046821594238281
2020-12-14,0.661045491695404
2020-12-15,0.1496131718158722
2020-12-16,2.420259952545166
2020-12-17,7.141197204589844
2020-12-18,13.83145809173584
2020-12-19,21.959806442260742
2020-12-20,31.020099639892578
2020-12-21,40.57088851928711
2020-12-22,50.24372100830078
2020-12-23,59.73165512084961
2020-12-24,68.7691879272461
2020-12-25,77.11170959472656
2020-12-26,84.51942443847656
2020-12-27,90.74886322021484
2020-12-28,95.5535659790039
2020-12-29,98.6946792602539
2020-12-30,99.96035766601562
2020-12-31,99.19091033935547
2021-01-01,96.30477905273438
2021-01-02,91.31991577148438
2021-01-03,84.36624908447266
2021-01-04,75.68826293945312
2021-01-05,65.63945770263672
2021-01-06,54.67177200317383
2021-01-07,43.32148742675781
2021-01-08,32.189361572265625
2021-01-09,21.909339904785156
2021-01-10,13.100460052490234
2021-01-11,6.30267858505249
2021-01-12,1.9083120822906494
2021-01-13,0.10977741330862045
2021-01-14,0.8834101557731628
2021-01-15,4.0160393714904785
2021-01-16,9.163302421569824
2021-01-17,15.91789436340332
2021-01-18,23.867292404174805
2021-01-19,32.63001251220703
2021-01-20,41.869422912597656
2021-01-21,51.290164947509766
2021-01-22,60.62400817871094
2021-01-23,69.61135864257812
2021-01-24,77.98341369628906
2021-01-25,85.44925689697266
2021-01-26,91.69212341308594
2021-01-27,96.37862396240234
2021-01-28,99.18354797363281
2021-01-29,99.828857421875
2021-01-30,98.130615234375
2021-01-31,94.04219055175781
2021-02-01,87.68104553222656
2021-02-02,79.33069610595703
2021-02-03,69.41846466064453
2021-02-04,58.47709655761719
2021-02-05,47.100975036621094
2021-02-06,35.904380798339844
2021-02-07,25.483478546142578
2021-02-08,16.380165100097656
2021-02-09,9.046277046203613
2021-02-10,3.810800075531006
2021-02-11,0.8566775918006897
2021-02-12,0.2146783173084259
2021-02-13,1.7777818441390991
2021-02-14,5.332866668701172
2021-02-15,10.600905418395996
2021-02-16,17.275333404541016
2021-02-17,25.050752639770508
2021-02-18,33.638397216796875
2021-02-19,42.768531799316406
2021-02-20,52.18227767944336
2021-02-21,61.6162109375
2021-02-22,70.78372192382812
2021-02-23,79.35760498046875
2021-02-24,86.96004486083984
2021-02-25,93.1673812866211
2021-02-26,97.53721618652344
2021-02-27,99.66112518310547
2021-02-28,99.23651885986328
2021-03-01,96.13890075683594
2021-03-02,90.46845245361328
2021-03-03,82.55107879638672
2021-03-04,72.8930435180664
2021-03-05,62.10755157470703
2021-03-06,50.839237213134766
2021-03-07,39.70526123046875
2021-03-08,29.258453369140625
2021-03-09,19.967967987060547
2021-03-10,12.20954418182373
2021-03-11,6.259750843048096
2021-03-12,2.292611598968506
2021-03-13,0.3802354037761688
2021-03-14,0.4997480511665344
2021-03-15,2.547441005706787
2021-03-16,6.358547210693359
2021-03-17,11.728947639465332
2021-03-18,18.434436798095703
2021-03-19,26.24388885498047
2021-03-20,34.92414093017578
2021-03-21,44.23586654663086
2021-03-22,53.921199798583984
2021-03-23,63.6851692199707
2021-03-24,73.17488098144531
2021-03-25,81.96342468261719
2021-03-26,89.5491714477539
2021-03-27,95.38317108154297
2021-03-28,98.9336166381836
2021-03-29,99.78231048583984
2021-03-30,97.72672271728516
2021-03-31,92.84630584716797
2021-04-01,85.50025177001953
2021-04-02,76.25662994384766
2021-04-03,65.78561401367188
2021-04-04,54.759193420410156
2021-04-05,43.78417205810547
2021-04-06,33.37236022949219
2021-04-07,23.93716812133789
2021-04-08,15.802475929260254
2021-04-09,9.213367462158203
2021-04-10,4.343913555145264
2021-04-11,1.3015450239181519
2021-04-12,0.12996400892734528
2021-04-13,0.8130725026130676
2021-04-14,3.2815258502960205
2021-04-15,7.421857833862305
2021-04-16,13.086599349975586
2021-04-17,20.102863311767578
2021-04-18,28.2766170501709
2021-04-19,37.39035415649414
2021-04-20,47.19289016723633
2021-04-21,57.3817138671875
2021-04-22,67.58087158203125
2021-04-23,77.32185363769531
2021-04-24,86.04015350341797
2021-04-25,93.1042709350586
2021-04-26,97.88996887207031
2021-04-27,99.89502716064453
2021-04-28,98.8609848022461
2021-04-29,94.84912109375
2021-04-30,88.23081970214844
2021-05-01,79.59693908691406
2021-05-02,69.63121032714844
2021-05-03,58.999691009521484
2021-05-04,48.28448486328125
2021-05-05,37.9616584777832
2021-05-06,28.408058166503906
2021-05-07,19.919912338256836
2021-05-08,12.731597900390625
2021-05-09,7.02877950668335
2021-05-10,2.9547410011291504
2021-05-11,0.6112977862358093
2021-05-12,0.05689024552702904
2021-05-13,1.3044683933258057
2021-05-14,4.320977687835693
2021-05-15,9.02892780303955
2021-05-16,15.309024810791016
2021-05-17,23.00164222717285
2021-05-18,31.904409408569336
2021-05-19,41.76365661621094
2021-05-20,52.259010314941406
2021-05-21,62.98359298706055
2021-05-22,73.42745208740234
2021-05-23,82.97791290283203
2021-05-24,90.9544677734375
2021-05-25,96.69048309326172
2021-05-26,99.6537857055664
2021-05-27,99.56838989257812
2021-05-28,96.48323059082031
2021-05-29,90.75267028808594
2021-05-30,82.93978118896484
2021-05-31,73.69062805175781
2021-06-01,63.629364013671875
2021-06-02,53.29832077026367
2021-06-03,43.14077377319336
2021-06-04,33.5108528137207
2021-06-05,24.694637298583984
2021-06-06,16.931232452392578
2021-06-07,10.428117752075195
2021-06-08,5.368689060211182
2021-06-09,1.912388801574707
2021-06-10,0.1891728788614273
2021-06-11,0.2908109426498413
2021-06-12,2.2616994380950928
2021-06-13,6.091293811798096
2021-06-14,11.709016799926758
2021-06-15,18.98092269897461
2021-06-16,27.706090927124023
2021-06-17,37.6103630065918
2021-06-18,48.33626937866211
2021-06-19,59.431243896484375
2021-06-20,70.34133911132812
2021-06-21,80.42293548583984
2021-06-22,88.9867172241211
2021-06-23,95.38079071044922
2021-06-24,99.10018157958984
2021-06-25,99.88738250732422
2021-06-26,97.78050231933594
2021-06-27,93.08655548095703
2021-06-28,86.29463195800781
2021-06-29,77.96907043457031
2021-06-30,68.66141510009766
2021-07-01,58.85942459106445
2021-07-02,48.97140884399414
2021-07-03,39.33417892456055
2021-07-04,30.231891632080078
2021-07-05,21.91636848449707
2021-07-06,14.623175621032715
2021-07-07,8.580488204956055
2021-07-08,4.009471416473389
2021-07-09,1.1163311004638672
2021-07-10,0.07751407474279404
2021-07-11,1.0208656787872314
2021-07-12,4.0063886642456055
2021-07-13,9.010174751281738
2021-07-14,15.913786888122559
2021-07-15,24.499242782592773
2021-07-16,34.448055267333984
2021-07-17,45.34269714355469
2021-07-18,56.671043395996094
2021-07-19,67.83821105957031
2021-07-20,78.19366455078125
2021-07-21,87.08121490478516
2021-07-22,93.91202545166016
2021-07-23,98.24752807617188
2021-07-24,99.86638641357422
2021-07-25,98.7896957397461
2021-07-26,95.25411224365234
2021-07-27,89.6454086303711
2021-07-28,82.41934204101562
2021-07-29,74.0347900390625
2021-07-30,64.9123306274414
2021-07-31,55.418704986572266
2021-08-01,45.87065124511719
2021-08-02,36.549522399902344
2021-08-03,27.71963882446289
2021-08-04,19.644906997680664
2021-08-05,12.599838256835938
2021-08-06,6.871651649475098
2021-08-07,2.751206398010254
2021-08-08,0.5120116472244263
2021-08-09,0.3792666494846344
2021-08-10,2.49420428276062
2021-08-11,6.881639003753662
2021-08-12,13.428739547729492
2021-08-13,21.879913330078125
2021-08-14,31.847684860229492
2021-08-15,42.83540725708008
2021-08-16,54.266845703125
2021-08-17,65.52002716064453
2021-08-18,75.96620178222656
2021-08-19,85.0155258178711
2021-08-20,92.16818237304688
2021-08-21,97.0632553100586
2021-08-22,99.51329040527344
2021-08-23,99.5128402709961
2021-08-24,97.21758270263672
2021-08-25,92.90089416503906
2021-08-26,86.90177154541016
2021-08-27,79.57832336425781
2021-08-28,71.27568054199219
2021-08-29,62.310943603515625
2021-08-30,52.97298049926758
2021-08-31,43.5328369140625
2021-09-01,34.2599983215332
2021-09-02,25.440114974975586
2021-09-03,17.389446258544922
2021-09-04,10.460946083068848
2021-09-05,5.036252975463867
2021-09-06,1.4990859031677246
2021-09-07,0.18945054709911346
2021-09-08,1.3453387022018433
2021-09-09,5.046607494354248
2021-09-10,11.179342269897461
2021-09-11,19.433868408203125
2021-09-12,29.33699607849121
2021-09-13,40.30655288696289
2021-09-14,51.71133804321289
2021-09-15,62.92364501953125
2021-09-16,73.35977935791016
2021-09-17,82.51043701171875
2021-09-18,89.96448516845703
2021-09-19,95.42736053466797
2021-09-20,98.73214721679688
2021-09-21,99.83965301513672
2021-09-22,98.82569885253906
2021-09-23,95.85710144042969
2021-09-24,91.16156768798828
2021-09-25,84.9980697631836
2021-09-26,77.6335678100586
2021-09-27,69.32945251464844
2021-09-28,60.33866882324219
2021-09-29,50.91252899169922
2021-09-30,41.315223693847656
2021-10-01,31.84280014038086
2021-10-02,22.842164993286133
2021-10-03,14.723297119140625
2021-10-04,7.95534086227417
2021-10-05,3.036632776260376
2021-10-06,0.43334630131721497
2021-10-07,0.49382027983665466
2021-10-08,3.3623580932617188
2021-10-09,8.926132202148438
2021-10-10,16.819990158081055
2021-10-11,26.488004684448242
2021-10-12,37.275211334228516
2021-10-13,48.515708923339844
2021-10-14,59.595054626464844
2021-10-15,69.98274993896484
2021-10-16,79.24290466308594
2021-10-17,87.03407287597656
2021-10-18,93.10618591308594
2021-10-19,97.29776000976562
2021-10-20,99.53256225585938
2021-10-21,99.81376647949219
2021-10-22,98.21387481689453
2021-10-23,94.8605728149414
2021-10-24,89.92058563232422
2021-10-25,83.58453369140625
2021-10-26,76.05613708496094
2021-10-27,67.54811096191406
2021-10-28,58.286319732666016
2021-10-29,48.52223587036133
2021-10-30,38.5524787902832
2021-10-31,28.741649627685547
2021-11-01,19.540971755981445
2021-11-02,11.490345001220703
2021-11-03,5.188282489776611
2021-11-04,1.2184394598007202
2021-11-05,0.038644760847091675
2021-11-06,1.865131139755249
2021-11-07,6.602182865142822
2021-11-08,13.854032516479492
2021-11-09,23.013994216918945
2021-11-10,33.38745880126953
2021-11-11,44.299163818359375
2021-11-12,55.157867431640625
2021-11-13,65.4786148071289
2021-11-14,74.87776947021484
2021-11-15,83.05709075927734
2021-11-16,89.78816986083984
2021-11-17,94.90185546875
2021-11-18,98.28328704833984
2021-11-19,99.87013244628906
2021-11-20,99.65150451660156
2021-11-21,97.66507720947266
2021-11-22,93.99183654785156
2021-11-23,88.7490463256836
2021-11-24,82.08364868164062
2021-11-25,74.16875457763672
2021-11-26,65.20591735839844
2021-11-27,55.43516540527344
2021-11-28,45.153011322021484
2021-11-29,34.73594284057617
2021-11-30,24.66196632385254
2021-12-01,15.516379356384277
2021-12-02,7.96295166015625
2021-12-03,2.665243625640869
2021-12-04,0.16256718337535858
2021-12-05,0.7379235625267029
2021-12-06,4.337404251098633
2021-12-07,10.584280967712402
2021-12-08,18.88011360168457
2021-12-09,28.540624618530273
2021-12-10,38.909812927246094
2021-12-11,49.424190521240234
2021-12-12,59.630130767822266
2021-12-13,69.17213439941406
2021-12-14,77.7701644897461
2021-12-15,85.19792175292969
2021-12-16,91.26789093017578
2021-12-17,95.82429504394531
2021-12-18,98.74272155761719
2021-12-19,99.93409729003906
2021-12-20,99.34992980957031
2021-12-21,96.98666381835938
2021-12-22,92.88763427734375
2021-12-23,87.14295959472656
2021-12-24,79.88909912109375
2021-12-25,71.31074523925781
2021-12-26,61.64787292480469
2021-12-27,51.20937728881836
2021-12-28,40.391807556152344
2021-12-29,29.696556091308594
2021-12-30,19.732276916503906
2021-12-31,11.184610366821289
2022-01-01,4.739161491394043
2022-01-02,0.9628596305847168
2022-01-03,0.17906059324741364
2022-01-04,2.3911144733428955
2022-01-05,7.293322563171387
2022-01-06,14.36216926574707
2022-01-07,22.98102378845215
2022-01-08,32.54716491699219
2022-01-09,42.534515380859375
2022-01-10,52.5128173828125
2022-01-11,62.13825225830078
2022-01-12,71.13153076171875
2022-01-13,79.25497436523438
2022-01-14,86.29486846923828
2022-01-15,92.05168151855469
2022-01-16,96.338623046875
2022-01-17,98.98756408691406
2022-01-18,99.86019897460938
2022-01-19,98.86170959472656
2022-01-20,95.95381164550781
2022-01-21,91.16497039794922
2022-01-22,84.59681701660156
2022-01-23,76.42797088623047
2022-01-24,66.91757202148438
2022-01-25,56.41053771972656
2022-01-26,45.344261169433594
2022-01-27,34.25221252441406
2022-01-28,23.754257202148438
2022-01-29,14.521056175231934
2022-01-30,7.204414367675781
2022-01-31,2.3405370712280273
2022-02-01,0.2535635828971863
2022-02-02,0.9978979825973511
2022-02-03,4.3654584884643555
2022-02-04,9.953042030334473
2022-02-05,17.258068084716797
2022-02-06,25.76604652404785
2022-02-07,35.00767517089844
2022-02-08,44.582210540771484
2022-02-09,54.15545654296875
2022-02-10,63.44375228881836
2022-02-11,72.19344329833984
2022-02-12,80.16221618652344
2022-02-13,87.1062240600586
2022-02-14,92.77555084228516
2022-02-15,96.91942596435547
2022-02-16,99.30127716064453
2022-02-17,99.72190856933594
2022-02-18,98.04688262939453
2022-02-19,94.23248291015625
2022-02-20,88.34479522705078
2022-02-21,80.56842803955078
2022-02-22,71.20490264892578
2022-02-23,60.663246154785156
2022-02-24,49.445613861083984
2022-02-25,38.1282958984375
2022-02-26,27.33473014831543
2022-02-27,17.695241928100586
2022-02-28,9.791229248046875
2022-03-01,4.089682102203369
2022-03-02,0.8838117718696594
2022-03-03,0.2597742974758148
2022-03-04,2.102485179901123
2022-03-05,6.138138294219971
2022-03-06,11.996939659118652
2022-03-07,19.275144577026367
2022-03-08,27.581125259399414
2022-03-09,36.55983352661133
2022-03-10,45.89775466918945
2022-03-11,55.314151763916016
2022-03-12,64.54483795166016
2022-03-13,73.32389831542969
2022-03-14,81.36788940429688
2022-03-15,88.36682891845703
2022-03-16,93.98629760742188
2022-03-17,97.88421630859375
2022-03-18,99.74358367919922
2022-03-19,99.31773376464844
2022-03-20,96.47883605957031
2022-03-21,91.25621032714844
2022-03-22,83.85269165039062
2022-03-23,74.63385009765625
2022-03-24,64.09501647949219
2022-03-25,52.8164176940918
2022-03-26,41.41703414916992
2022-03-27,30.512468338012695
2022-03-28,20.677051544189453
2022-03-29,12.40822982788086
2022-03-30,6.093526840209961
2022-03-31,1.9842557907104492
2022-04-01,0.1826317310333252
2022-04-02,0.6472938060760498
2022-04-03,3.2170631885528564
2022-04-04,7.646819591522217
2022-04-05,13.646092414855957
2022-04-06,20.91162872314453
2022-04-07,29.14858055114746
2022-04-08,38.07878112792969
2022-04-09,47.437435150146484
2022-04-10,56.96109390258789
2022-04-11,66.37036895751953
2022-04-12,75.35164642333984
2022-04-13,83.54301452636719
2022-04-14,90.5315170288086
2022-04-15,95.86980438232422
2022-04-16,99.11795043945312
2022-04-17,99.90930938720703
2022-04-18,98.02689361572266
2022-04-19,93.46587371826172
2022-04-20,86.45719909667969
2022-04-21,77.44146728515625
2022-04-22,67.00370788574219
2022-04-23,55.79387664794922
2022-04-24,44.457149505615234
2022-04-25,33.58576202392578
2022-04-26,23.6920108795166
2022-04-27,15.195064544677734
2022-04-28,8.414552688598633
2022-04-29,3.5671908855438232
2022-04-30,0.7665703892707825
2022-05-01,0.028071310371160507
2022-05-02,1.2804042100906372
2022-05-03,4.383209228515625
2022-05-04,9.147924423217773
2022-05-05,15.35790729522705
2022-05-06,22.78390884399414
2022-05-07,31.192142486572266
2022-05-08,40.343658447265625
2022-05-09,49.98518371582031
2022-05-10,59.832801818847656
2022-05-11,69.55171966552734
2022-05-12,78.73773956298828
2022-05-13,86.90973663330078
2022-05-14,93.52559661865234
2022-05-15,98.03273010253906
2022-05-16,99.95471954345703
2022-05-17,98.9958724975586
2022-05-18,95.12596130371094
2022-05-19,88.60613250732422
2022-05-20,79.94169616699219
2022-05-21,69.78356170654297
2022-05-22,58.82048797607422
2022-05-23,47.69688415527344
2022-05-24,36.96859359741211
2022-05-25,27.090394973754883
2022-05-26,18.421293258666992
2022-05-27,11.235410690307617
2022-05-28,5.73143196105957
2022-05-29,2.0386643409729004
2022-05-30,0.2208910882472992
2022-05-31,0.280324250459671
2022-06-01,2.163541793823242
2022-06-02,5.7699432373046875
2022-06-03,10.961660385131836
2022-06-04,17.57269287109375
2022-06-05,25.41461944580078
2022-06-06,34.27643585205078
2022-06-07,43.916893005371094
2022-06-08,54.04912567138672
2022-06-09,64.3197250366211
2022-06-10,74.28800964355469
2022-06-11,83.4164047241211
2022-06-12,91.08775329589844
2022-06-13,96.66462707519531
2022-06-14,99.59296417236328
2022-06-15,99.52613830566406
2022-06-16,96.42070770263672
2022-06-17,90.55612182617188
2022-06-18,82.46724700927734
2022-06-19,72.82382202148438
2022-06-20,62.310279846191406
2022-06-21,51.54362869262695
2022-06-22,41.03773880004883
2022-06-23,31.202177047729492
2022-06-24,22.358186721801758
2022-06-25,14.758106231689453
2022-06-26,8.600664138793945
2022-06-27,4.039685249328613
2022-06-28,1.1869227886199951
2022-06-29,0.11123932152986526
2022-06-30,0.8367860913276672
2022-07-01,3.3422420024871826
2022-07-02,7.561943054199219
2022-07-03,13.38831901550293
2022-07-04,20.673809051513672
2022-07-05,29.229642868041992
2022-07-06,38.81903839111328
2022-07-07,49.14360809326172
2022-07-08,59.824432373046875
2022-07-09,70.3835220336914
2022-07-10,80.23770904541016
2022-07-11,88.72174835205078
2022-07-12,95.1558609008789
2022-07-13,98.95696258544922
2022-07-14,99.76497650146484
2022-07-15,97.53197479248047
2022-07-16,92.52967834472656
2022-07-17,85.2719497680664
2022-07-18,76.39230346679688
2022-07-19,66.5291519165039
2022-07-20,56.25193786621094
2022-07-21,46.032470703125
2022-07-22,36.24845886230469
2022-07-23,27.202566146850586
2022-07-24,19.144214630126953
2022-07-25,12.286980628967285
2022-07-26,6.818586826324463
2022-07-27,2.9033007621765137
2022-07-28,0.6780937910079956
2022-07-29,0.24489670991897583
2022-07-30,1.6615980863571167
2022-07-31,4.934040546417236
2022-08-01,10.010284423828125
2022-08-02,16.776897430419922
2022-08-03,25.05554962158203
2022-08-04,34.597537994384766
2022-08-05,45.074607849121094
2022-08-06,56.067012786865234
2022-08-07,67.05422973632812
2022-08-08,77.41947174072266
2022-08-09,86.48246002197266
2022-08-10,93.57083892822266
2022-08-11,98.12451934814453
2022-08-12,99.80377960205078
2022-08-13,98.5571060180664
2022-08-14,94.61721801757812
2022-08-15,88.42862701416016
2022-08-16,80.54206848144531
2022-08-17,71.51788330078125
2022-08-18,61.86337661743164
2022-08-19,52.00776672363281
2022-08-20,42.30462646484375
2022-08-21,33.048831939697266
2022-08-22,24.4973087310791
2022-08-23,16.8869571685791
2022-08-24,10.446049690246582
2022-08-25,5.39738130569458
2022-08-26,1.9528539180755615
2022-08-27,0.30055320262908936
2022-08-28,0.5867097973823547
2022-08-29,2.896019220352173
2022-08-30,7.234133720397949
2022-08-31,13.515183448791504
2022-09-01,21.555179595947266
2022-09-02,31.070159912109375
2022-09-03,41.677127838134766
2022-09-04,52.897239685058594
2022-09-05,64.16416931152344
2022-09-06,74.84467315673828
2022-09-07,84.27980041503906
2022-09-08,91.85055541992188
2022-09-09,97.0597915649414
2022-09-10,99.6080093383789
2022-09-11,99.43511962890625
2022-09-12,96.7108383178711
2022-09-13,91.77881622314453
2022-09-14,85.07835388183594
2022-09-15,77.07103729248047
2022-09-16,68.19019317626953
2022-09-17,58.81742477416992
2022-09-18,49.28114318847656
2022-09-19,39.86887741088867
2022-09-20,30.845399856567383
2022-09-21,22.470901489257812
2022-09-22,15.014699935913086
2022-09-23,8.7610445022583
2022-09-24,4.004156112670898
2022-09-25,1.0309821367263794
2022-09-26,0.09249860048294067
2022-09-27,1.3677959442138672
2022-09-28,4.928514003753662
2022-09-29,10.712437629699707
2022-09-30,18.512855529785156
2022-10-01,27.98526954650879
2022-10-02,38.66792297363281
2022-10-03,50.010353088378906
2022-10-04,61.405853271484375
2022-10-05,72.2274398803711
2022-10-06,81.86949157714844
2022-10-07,89.79595184326172
2022-10-08,95.59044647216797
2022-10-09,98.99760437011719
2022-10-10,99.94287109375
2022-10-11,98.52324676513672
2022-10-12,94.971435546875
2022-10-13,89.60550689697266
2022-10-14,82.77869415283203
2022-10-15,74.84105682373047
2022-10-16,66.11786651611328
2022-10-17,56.90428161621094
2022-10-18,47.47251892089844
2022-10-19,38.086856842041016
2022-10-20,29.02194595336914
2022-10-21,20.579957962036133
2022-10-22,13.101373672485352
2022-10-23,6.963625907897949
2022-10-24,2.5618996620178223
2022-10-25,0.2691957950592041
2022-10-26,0.3792281150817871
2022-10-27,3.044660806655884
2022-10-28,8.229764938354492
2022-10-29,15.694849014282227
2022-10-30,25.018423080444336
2022-10-31,35.64826965332031
2022-11-01,46.96364974975586
2022-11-02,58.33235549926758
2022-11-03,69.1547622680664
2022-11-04,78.89550018310547
2022-11-05,87.10723876953125
2022-11-06,93.44970703125
2022-11-07,97.70352172851562
2022-11-08,99.77565002441406
2022-11-09,99.69293212890625
2022-11-10,97.5834732055664
2022-11-11,93.6490478515625
2022-11-12,88.13488006591797
2022-11-13,81.30311584472656
2022-11-14,73.41471099853516
2022-11-15,64.72185516357422
2022-11-16,55.470802307128906
2022-11-17,45.91355514526367
2022-11-18,36.32588195800781
2022-11-19,27.027925491333008
2022-11-20,18.401546478271484
2022-11-21,10.895862579345703
2022-11-22,5.010223865509033
2022-11-23,1.2456178665161133
2022-11-24,0.024808544665575027
2022-11-25,1.5985058546066284
2022-11-26,5.9706878662109375
2022-11-27,12.876441955566406
2022-11-28,21.824047088623047
2022-11-29,32.182456970214844
2022-11-30,43.278194427490234
2022-12-01,54.471343994140625
2022-12-02,65.19923400878906
2022-12-03,74.99286651611328
2022-12-04,83.47772979736328
2022-12-05,90.3695297241211
2022-12-06,95.4701919555664
2022-12-07,98.66485595703125
2022-12-08,99.9180908203125
2022-12-09,99.26681518554688
2022-12-10,96.80889129638672
2022-12-11,92.68851470947266
2022-12-12,87.08065795898438
2022-12-13,80.17816925048828
2022-12-14,72.18418884277344
2022-12-15,63.312171936035156
2022-12-16,53.79436111450195
2022-12-17,43.89838790893555
2022-12-18,33.94968795776367
2022-12-19,24.354305267333984
2022-12-20,15.611929893493652
2022-12-21,8.304131507873535
2022-12-22,3.042231559753418
2022-12-23,0.37008896470069885
2022-12-24,0.6415510177612305
2022-12-25,3.9189088344573975
2022-12-26,9.942338943481445
2022-12-27,18.187902450561523
2022-12-28,27.98464012145996
2022-12-29,38.63725662231445
2022-12-30,49.51325225830078
2022-12-31,60.083133697509766
2023-01-01,69.92453002929688
2023-01-02,78.70805358886719
2023-01-03,86.1792221069336
2023-01-04,92.14423370361328
2023-01-05,96.4620132446289
2023-01-06,99.041259765625
2023-01-07,99.83981323242188
2023-01-08,98.86372375488281
2023-01-09,96.1641616821289
2023-01-10,91.83212280273438
2023-01-11,85.99207305908203
2023-01-12,78.79698181152344
2023-01-13,70.42761993408203
2023-01-14,61.09844970703125
2023-01-15,51.07152557373047
2023-01-16,40.67774200439453
2023-01-17,30.340763092041016
2023-01-18,20.593137741088867
2023-01-19,12.067646026611328
2023-01-20,5.4449944496154785
2023-01-21,1.3498886823654175
2023-01-22,0.21554696559906006
2023-01-23,2.1688523292541504
2023-01-24,6.993699073791504
2023-01-25,14.192781448364258
2023-01-26,23.11405372619629
2023-01-27,33.081607818603516
2023-01-28,43.4862060546875
2023-01-29,53.824256896972656
2023-01-30,63.697994232177734
2023-01-31,72.79605865478516
2023-02-01,80.86981201171875
2023-02-02,87.71414184570312
2023-02-03,93.15589904785156
2023-02-04,97.05010223388672
2023-02-05,99.28192138671875
2023-02-06,99.77201080322266
2023-02-07,98.48240661621094
2023-02-08,95.4208984375
2023-02-09,90.64321899414062
2023-02-10,84.25361633300781
2023-02-11,76.40609741210938
2023-02-12,67.30889129638672
2023-02-13,57.23458480834961
2023-02-14,46.53618621826172
2023-02-15,35.66539001464844
2023-02-16,25.183151245117188
2023-02-17,15.746761322021484
2023-02-18,8.056466102600098
2023-02-19,2.7556650638580322
2023-02-20,0.30470210313796997
2023-02-21,0.8756946921348572
2023-02-22,4.31858491897583
2023-02-23,10.215179443359375
2023-02-24,17.99159049987793
2023-02-25,27.03688621520996
2023-02-26,36.78814697265625
2023-02-27,46.770179748535156
2023-02-28,56.59902572631836
2023-03-01,65.96529388427734
2023-03-02,74.61117553710938
2023-03-03,82.30970764160156
2023-03-04,88.85062408447266
2023-03-05,94.03439331054688
2023-03-06,97.67431640625
2023-03-07,99.60540771484375
2023-03-08,99.69770812988281
2023-03-09,97.87117004394531
2023-03-10,94.10908508300781
2023-03-11,88.46817779541016
2023-03-12,81.08502960205078
2023-03-13,72.18032836914062
2023-03-14,62.06306838989258
2023-03-15,51.135772705078125
2023-03-16,39.89844512939453
2023-03-17,28.94388771057129
2023-03-18,18.933109283447266
2023-03-19,10.540316581726074
2023-03-20,4.367196559906006
2023-03-21,0.8445769548416138
2023-03-22,0.15579639375209808
2023-03-23,2.2145233154296875
2023-03-24,6.706314563751221
2023-03-25,13.17327880859375
2023-03-26,21.10628890991211
2023-03-27,30.015838623046875
2023-03-28,39.47022247314453
2023-03-29,49.104591369628906
2023-03-30,58.611053466796875
2023-03-31,67.72006225585938
2023-04-01,76.18067932128906
2023-04-02,83.74467468261719
2023-04-03,90.15777587890625
2023-04-04,95.1600112915039
2023-04-05,98.49630737304688
2023-04-06,99.93669891357422
2023-04-07,99.30340576171875
2023-04-08,96.49986267089844
2023-04-09,91.53543090820312
2023-04-10,84.5407943725586
2023-04-11,75.77172088623047
2023-04-12,65.60243225097656
2023-04-13,54.51145553588867
2023-04-14,43.061973571777344
2023-04-15,31.87539291381836
2023-04-16,21.594257354736328
2023-04-17,12.831207275390625
2023-04-18,6.106653690338135
2023-04-19,1.7869900465011597
2023-04-20,0.041623979806900024
2023-04-21,0.8344660401344299
2023-04-22,3.953193426132202
2023-04-23,9.064895629882812
2023-04-24,15.778670310974121
2023-04-25,23.69777488708496
2023-04-26,32.452205657958984
2023-04-27,41.71104431152344
2023-04-28,51.17896270751953
2023-04-29,60.5828742980957
2023-04-30,69.65434265136719
2023-05-01,78.11256408691406
2023-05-02,85.65222930908203
2023-05-03,91.9407730102539
2023-05-04,96.62904357910156
2023-05-05,99.37820434570312
2023-05-06,99.901611328125
2023-05-07,98.01459503173828
2023-05-08,93.67993927001953
2023-05-09,87.03507995605469
2023-05-10,78.39244079589844
2023-05-11,68.21334838867188
2023-05-12,57.064491271972656
2023-05-13,45.56873321533203
2023-05-14,34.35835647583008
2023-05-15,24.03360366821289
2023-05-16,15.125388145446777
2023-05-17,8.061568260192871
2023-05-18,3.1393001079559326
2023-05-19,0.5089070796966553
2023-05-20,0.1745203137397766
2023-05-21,2.0127408504486084
2023-05-22,5.805008888244629
2023-05-23,11.275369644165039
2023-05-24,18.124814987182617
2023-05-25,26.055892944335938
2023-05-26,34.78498077392578
2023-05-27,44.042659759521484
2023-05-28,53.564491271972656
2023-05-29,63.075439453125
2023-05-30,72.27169036865234
2023-05-31,80.80479431152344
2023-06-01,88.27454376220703
2023-06-02,94.23846435546875
2023-06-03,98.24510955810547
2023-06-04,99.89300537109375
2023-06-05,98.9061050415039
2023-06-06,95.20441436767578
2023-06-07,88.94317626953125
2023-06-08,80.50337219238281
2023-06-09,70.43670654296875
2023-06-10,59.386871337890625
2023-06-11,48.013160705566406
2023-06-12,36.9333381652832
2023-06-13,26.689311981201172
2023-06-14,17.730070114135742
2023-06-15,10.404088020324707
2023-06-16,4.956151962280273
2023-06-17,1.5272868871688843
2023-06-18,0.15906628966331482
2023-06-19,0.8037979602813721
2023-06-20,3.34060001373291
2023-06-21,7.5952982902526855
2023-06-22,13.360556602478027
2023-06-23,20.41241455078125
2023-06-24,28.52027130126953
2023-06-25,37.448665618896484
2023-06-26,46.95051574707031
2023-06-27,56.752803802490234
2023-06-28,66.53730010986328
2023-06-29,75.9209976196289
2023-06-30,84.44447326660156
2023-07-01,91.57965087890625
2023-07-02,96.7694091796875
2023-07-03,99.50432586669922
2023-07-04,99.4249267578125
2023-07-05,96.41665649414062
2023-07-06,90.65626525878906
2023-07-07,82.5855484008789
2023-07-08,72.82408905029297
2023-07-09,62.05965805053711
2023-07-10,50.95579528808594
2023-07-11,40.09608840942383
2023-07-12,29.963459014892578
2023-07-13,20.941696166992188
2023-07-14,13.325937271118164
2023-07-15,7.33336067199707
2023-07-16,3.1107571125030518
2023-07-17,0.7392780780792236
2023-07-18,0.238414004445076
2023-07-19,1.5712696313858032
2023-07-20,4.652145862579346
2023-07-21,9.35586166381836
2023-07-22,15.526959419250488
2023-07-23,22.986318588256836
2023-07-24,31.532642364501953
2023-07-25,40.93693161010742
2023-07-26,50.92922592163086
2023-07-27,61.17890548706055
2023-07-28,71.27302551269531
2023-07-29,80.70201110839844
2023-07-30,88.86746215820312
2023-07-31,95.12825012207031
2023-08-01,98.89264678955078
2023-08-02,99.74092102050781
2023-08-03,97.53508758544922
2023-08-04,92.46376037597656
2023-08-05,84.99783325195312
2023-08-06,75.779541015625
2023-08-07,65.49701690673828
2023-08-08,54.789276123046875
2023-08-09,44.19807815551758
2023-08-10,34.15888595581055
2023-08-11,25.013900756835938
2023-08-12,17.03180503845215
2023-08-13,10.424863815307617
2023-08-14,5.3596930503845215
2023-08-15,1.9616094827651978
2023-08-16,0.3144693076610565
2023-08-17,0.45861950516700745
2023-08-18,2.389350652694702
2023-08-19,6.057153224945068
2023-08-20,11.369675636291504
2023-08-21,18.193925857543945
2023-08-22,26.356273651123047
2023-08-23,35.63761901855469
2023-08-24,45.76194381713867
2023-08-25,56.37858581542969
2023-08-26,67.04239654541016
2023-08-27,77.20186614990234
2023-08-28,86.21096801757812
2023-08-29,93.38201904296875
2023-08-30,98.08560180664062
2023-08-31,99.87800598144531
2023-09-01,98.60841369628906
2023-09-02,94.45436096191406
2023-09-03,87.86700439453125
2023-09-04,79.45567321777344
2023-09-05,69.8653793334961
2023-09-06,59.688785552978516
2023-09-07,49.42503356933594
2023-09-08,39.47583770751953
2023-09-09,30.162019729614258
2023-09-10,21.74591064453125
2023-09-11,14.450841903686523
2023-09-12,8.47365665435791
2023-09-13,3.989269733428955
2023-09-14,1.148194432258606
2023-09-15,0.06916874647140503
2023-09-16,0.8295964002609253
2023-09-17,3.4564034938812256
2023-09-18,7.919151306152344
2023-09-19,14.125788688659668
2023-09-20,21.91974639892578
2023-09-21,31.076004028320312
2023-09-22,41.29383850097656
2023-09-23,52.18586349487305
2023-09-24,63.26692581176758
2023-09-25,73.95196533203125
2023-09-26,83.57691192626953
2023-09-27,91.455810546875
2023-09-28,96.97584533691406
2023-09-29,99.70911407470703
2023-09-30,99.4998550415039
2023-10-01,96.48717498779297
2023-10-02,91.05314636230469
2023-10-03,83.72306823730469
2023-10-04,75.06121826171875
2023-10-05,65.59504699707031
2023-10-06,55.77816390991211
2023-10-07,45.98534393310547
2023-10-08,36.52639389038086
2023-10-09,27.667144775390625
2023-10-10,19.649356842041016
2023-10-11,12.705024719238281
2023-10-12,7.062586784362793
2023-10-13,2.944211483001709
2023-10-14,0.5546287894248962
2023-10-15,0.06346505880355835
2023-10-16,1.5844767093658447
2023-10-17,5.155891418457031
2023-10-18,10.725584030151367
2023-10-19,18.1429443359375
2023-10-20,27.156848907470703
2023-10-21,37.41743469238281
2023-10-22,48.47978591918945
2023-10-23,59.81050109863281
2023-10-24,70.80239868164062
2023-10-25,80.80581665039062
2023-10-26,89.18323516845703
2023-10-27,95.38496398925781
2023-10-28,99.0293960571289
2023-10-29,99.96070098876953
2023-10-30,98.26054382324219
2023-10-31,94.209228515625
2023-11-01,88.21350860595703
2023-11-02,80.72896575927734
2023-11-03,72.19953918457031
2023-11-04,63.023719787597656
2023-11-05,53.545494079589844
2023-11-06,44.06241989135742
2023-11-07,34.8426513671875
2023-11-08,26.144176483154297
2023-11-09,18.23130989074707
2023-11-10,11.384542465209961
2023-11-11,5.900383472442627
2023-11-12,2.0787501335144043
2023-11-13,0.19744357466697693
2023-11-14,0.47660571336746216
2023-11-15,3.0399999618530273
2023-11-16,7.882617473602295
2023-11-17,14.853293418884277
2023-11-18,23.65631866455078
2023-11-19,33.86977767944336
2023-11-20,44.974220275878906
2023-11-21,56.3853759765625
2023-11-22,67.48834991455078
2023-11-23,77.6747055053711
2023-11-24,86.3850326538086
2023-11-25,93.15586853027344
2023-11-26,97.6638412475586
2023-11-27,99.75509643554688
2023-11-28,99.44954681396484
2023-11-29,96.9175033569336
2023-11-30,92.43596649169922
2023-12-01,86.33841705322266
2023-12-02,78.97120666503906
2023-12-03,70.66466522216797
2023-12-04,61.7207145690918
2023-12-05,52.4147834777832
2023-12-06,43.00779342651367
2023-12-07,33.76369857788086
2023-12-08,24.968231201171875
2023-12-09,16.943967819213867
2023-12-10,10.056044578552246
2023-12-11,4.702037811279297
2023-12-12,1.2809576988220215
2023-12-13,0.14113092422485352
2023-12-14,1.5156670808792114
2023-12-15,5.463427543640137
2023-12-16,11.836424827575684
2023-12-17,20.28658103942871
2023-12-18,30.3089542388916
2023-12-19,41.304805755615234
2023-12-20,52.64474105834961
2023-12-21,63.718990325927734
2023-12-22,73.9722671508789
2023-12-23,82.92738342285156
2023-12-24,90.20292663574219
2023-12-25,95.52713775634766
2023-12-26,98.74656677246094
2023-12-27,99.82588195800781
2023-12-28,98.83650970458984
2023-12-29,95.9350814819336
2023-12-30,91.33587646484375
2023-12-31,85.28343963623047
